deal_id,company,date,asset_class,deal_type,buyer_profile,language,bear_case,bull_case,deep_audit,fast_short,verdict,confidence_pct,deal_score,entry_or_asking,fair_value_or_range,expected_base,worst_case,deal_breakers,hypotheses_confirmed,hypotheses_uncertain,hypotheses_refuted,rule14_triggered,primary_decision_job,gtm_segment,product_to_sell_next,tournament_score,source_dir
bitcoin-2026-05-19,Bitcoin BTC,2026-05-19,crypto asset,long position,crypto investor,en,1,0,1,0,CONDITIONAL,68,5.8,"$76,500 BTC","$90,000-$100,000 base","+18% 12M base","-54% to -67%",3,,,,0,"Position sizing and tripwire discipline for volatile asset","crypto / family office / retail HNW","Bear Case Monitor + Entry Ladder",71,research/bitcoin-19.05.2026
cursor-2026-05-19,Cursor / Anysphere,2026-05-19,private software,Series E funding,VC / growth investor,en,1,0,1,0,PASS,84,2.4,"$50B pre-money","$20-26B base / $30-35B optimistic / $12-16B conservative","-37.6% probability-weighted","-88%",6,0,6,4,1,"Avoid overpaying for high-growth private AI company","VC / growth equity / strategic acquirer","Deep Audit + Bear Case Generator",95,research/cursor-19.05.2026
dydx-2026-05-19,dYdX DYDX,2026-05-19,crypto token,secondary token buy,token investor / family office,ru,1,1,1,0,PASS,82,1.8,"$120M MCap / $0.14 token","$29M-$85M MCap / $0.035-$0.101 token","-45% to -59% gap to fair value","-90%",5,1,5,4,1,"Decide whether token secondary is investable despite upside narrative","crypto fund / token family office","Bear + Bull Case Pair",94,research/dydx-19.05.2026
microsoft-2026-05-20,Microsoft MSFT,2026-05-20,public equity,long position,public equity investor,ru,1,0,1,0,CONDITIONAL LONG,62,5.2,"$422/share","$360-$398 probability-weighted","-$24 to -$62/share","-$178 to -$198/share / -42% to -47%",3,0,8,2,0,"Mega-cap entry discipline around AI overpricing","public equity / family office / PM","Mega-Cap Bear Case Refresh",76,research/microsoft-20.05.2026
microsoft-2026-05-21,Microsoft MSFT,2026-05-21,public equity,secondary / public equity,public equity investor,en,1,0,1,0,CONDITIONAL,68,5.4,"$470/share","$510 base / $380-$420 bear / $310-$340 deep bear","+0.7% probability-weighted","-34%",2,5,4,1,0,"Hedge and pre-commit exit triggers for mega-cap AI exposure","public equity / PM / family office","Deep Audit Refresh + Hedge Memo",78,research/microsoft-21.05.2026
microsoft-fast-2026-05-21,Microsoft MSFT Fast,2026-05-21,public equity,fast snapshot,pre-meeting buyer,en,1,0,0,1,CONDITIONAL,72,6.8,"~$3.3T market cap","$2.7T-$3.5T base $3.1T","-12% to -18% base","-55%",,,,0,"Fast pre-meeting bear-aware snapshot","analyst / PM / founder operator","DD Short Fast Mode",65,research/microsoft-21.05.2026-fast
tinkoff-2026-05-22,T-Bank / T-Technologies,2026-05-22,public equity,secondary,ru investor / western investor,ru,1,1,1,0,CONDITIONAL RU / ABSOLUTE PASS WEST,67,5.8,"840bn RUB / ~313 RUB share","860-930bn RUB base / 630-714bn conservative","-0.9% probability-weighted","-50% to -57%",3,,,,0,"Separate local-investor optionality from western sanctions block","EM financials / sanctions-risk investor","Bull Case Conditions + Sanctions Bear Case",86,research/tinkoff-bank-22.05.2026
tbank-2026-05-24,T-Bank / TCSG,2026-05-24,bank / financials,strategic acquisition,Russian strategic acquirer,ru,1,1,1,0,PASS at asking / CONDITIONAL with protections,62,4.2,"457.9bn RUB","380-420bn RUB base / 300-400bn bear / 700-800bn bull","-8% to -17% base","-57% to -89%",3,1,5,4,1,"Structure or reject sanctioned-bank acquisition","strategic acquirer / M&A / family office","Acquirer Deep Audit + Protection Package",92,research/tbank-24.05.2026
nvidia-partial-2026-05-20,NVIDIA NVDA,2026-05-20,public equity,long position,public equity investor,en,0,0,0,0,PARTIAL_PIPELINE,,,, "~$3.0T market cap",,,,,,,0,"Incomplete mega-cap DD run; not tournament eligible","public equity / mega-cap","Not eligible until bear/deep layer exists",15,research/nvidia-20.05.2026
