deal_id,source_dir,ordered_products,bear_case,bull_case,deep_audit,fast_short,deal_type,asking_price,verdict,confidence,deal_score,fair_value,hypothesis_score,tournament_eligible
bitcoin-19.05.2026,research/bitcoin-19.05.2026,bear_case|deep_audit,True,False,True,False,,,CONDITIONAL,68% (moderate conviction),5.8 / 10,,,True
cursor-19.05.2026,research/cursor-19.05.2026,bear_case|deep_audit,True,False,True,False,Series E funding round (Strategic DD),$50B pre-money (REVISED from initial $30B assumption — actual market data: Cursor in talks for $2B raise from a16z + Thrive at $50B pre-money as of April 2026 per The Information / TechCrunch / CNBC),PASS @ $50B / CONDITIONAL @ $32-35B / PROCEED only below $25B,84% (high conviction),2.4/10,$20-26B (base) / $30-35B (optimistic) / $12-16B (conservative),0 confirmed / 6 uncertain / 4 REFUTED,True
dydx-19.05.2026,research/dydx-19.05.2026,bear_case|bull_case|deep_audit,True,True,True,False,Secondary / token buy at market,$120M MCap ($0.14/token),PASS,82% (high conviction),1.8 / 10,$29M — $85M MCap ($0.035 — $0.101/token),1 confirmed / 5 uncertain / 4 refuted,True
microsoft-20.05.2026,research/microsoft-20.05.2026,bear_case|deep_audit,True,False,True,False,not specified (treated as strategic / long-position DD),not specified (current market cap ~$3.5T reference),CONDITIONAL LONG (entry ≤$380),62% (low conviction — flagged explicitly),5.2 / 10,$360–398 (probability-weighted),"0 confirmed / 8 uncertain / 2 refuted (H-T1, H-K1)",True
microsoft-21.05.2026,research/microsoft-21.05.2026,bear_case|deep_audit,True,False,True,False,secondary (default — large-cap public equity DD),not specified (use current market cap as proxy),CONDITIONAL,68% (moderate conviction),5.4 / 10,$510 base / $380-420 bear / $310-340 deep bear (vs. $470 asking),5 confirmed / 4 uncertain / 1 refuted (H-K1),True
microsoft-21.05.2026-fast,research/microsoft-21.05.2026-fast,fast_short,False,False,False,True,not specified,not specified,CONDITIONAL,72%,6.8 / 10,$2.7T — $3.5T (base: $3.1T),,True
nvidia-20.05.2026,research/nvidia-20.05.2026,,False,False,False,False,not specified (treated as strategic / long-position DD),not specified (current market cap ~$3.0T reference),PARTIAL_PIPELINE,,,,,False
tbank-24.05.2026,research/tbank-24.05.2026,bear_case|bull_case|deep_audit,True,True,True,False,Generic / no specific deal context,Current market cap on MOEX (to be discovered in pre-flight),PASS (at asking 457.9bn) | CONDITIONAL (380-450bn + protections) | PROCEED (<380bn),62% (low conviction),4.2 / 10,380-420bn RUB (base) | 300-400bn (bear) | 550-650bn (red team base) | 700-800bn (bull),1 confirmed / 5 uncertain / 4 refuted → Rule 14 triggered (auto-PASS at base),True
tinkoff-bank-22.05.2026,research/tinkoff-bank-22.05.2026,bear_case|bull_case|deep_audit,True,True,True,False,,,УСЛОВНЫЙ (для рос. инвестора) / АБСОЛЮТНЫЙ ПРОПУСК (для западного инвестора),67% (умеренная убеждённость),"5,8 / 10",,,True
